{

  "ReRoutes": [
    {
      "DownstreamPathTemplate": "/api/products",
      "DownstreamScheme": "http",
      "DownstreamHostAndPorts": [
        {
          "Host": "localhost",
          "Port": 52589
        }
      ],
      "UpstreamPathTemplate": "/products",
      "UpstreamHttpMethod": [ "GET","POST" ]
    },
    {
      "DownstreamPathTemplate": "/api/products/{id}",
      "DownstreamScheme": "http",
      "DownstreamHostAndPorts": [
        {
          "Host": "localhost",
          "Port": 52589
        }
      ],
      "UpstreamPathTemplate": "/products/{id}",
      "UpstreamHttpMethod": [ "GET" ]
    }
    
  ]
}